Page,Please refer to the estimate for specifics of your claim.,Less Replacement Cost
2,,Benefits Available — The
2,,amount deducted for
2,Payment Worksheet,that is available
2,,depreciation
2,,to be recovered as
2,Insured: Home: 801-888-8388 Claim Number: Type of Loss: Fire,Replacement Cost Benefits (if
2,Property: 123 Main Date of Loss:,applicable).
2,"Orem, UT 84097",Less Non-Recoverable
2,,Depreciation — The amount
2,,deducted for depreciation that
2,,is not available to be recovered
2,Summary For Coverage B - Personal Property - 42 Vandalism and Malicious Mischief,as Replacement Cost Benefits
2,,(if applicable).
2,"Estimate Total $12,322.06",Subtotal — Estimate Total less
2,Less Replacement Cost Bene fits Available 2},Replacement Cost Benefits
2,Less Non-Recoverable Deprecianon 3),Available (if applicable) and
2,Subtotal,Non-Recoverable Depreciation
2,Less Deductible 5],(if applicable).
2,,Less Deductible — The insurer
2,Less Amount Over Limut(s) 9,
2,,"will pay for losses, up to the"
2,Less Previous Payment(s),"policy limits, in excess of your"
2,Less Ordered Item(s} 8],applicable deductible.
2,Amount Due Customer ©,Less Amount Over Limit(s) —
2,,The amount deducted for
2,,items that are in excess of
2,,applicable policy limits.
2,Special Limit Recap,Less Previous Payment(s) —
2,Descnption Single Item Limit Ageregate Limit Replacement Cost Value Amount Over Special Limit,The total of previous
2,Cash $0.00 $200.00 $500.00 $300.00,payments.
2,"$0.00 $1,500.00 $2,882.25 $1,382.25",Less Ordered Item(s) — The
2,Computer Property,
2,,amount deducted for items
2,"$3,382.25 $1,682.25",ordered through the State
2,,Farm Replacement Program.
2,,Amount Due Customer — The
2,,amount due in this payment.
3,"PADUA, MARK",
3,Payment Worksheet,
3,"Insured: PADUA, MARK Home: 808-868-2598 Claim Number: 51M7381S0 Type",of Loss: Fire
3,Property: 115 HIKI PL Policy Number: 51BP22864 Date,of Loss: 8/8/2023
3,"LAHAINA, HI 96761-1731",
3,"Summary For Coverage B - Personal Property - 34 Fire, Lightning, & Removal",
3,"Estimate Total $350,287.48",
3,"Less Replacement Cost Benefits Available -$112,770.49",
3,"Subtotal $237,516.99",
3,"Less Amount Over Limit(s) -$27,800.00",
3,"Amount Due Customer $209,716.99",
3,Special Limit Recap,
3,Description Single Item Limit Aggregate Limit Replacement Cost Value Amount,Over Special Limit
3,"Money $0.00 $200.00 $28,000.00 $27,800.00",
3,"$28,000.00 $27,800.00",
3,Loss Payment Summary,
3,"ACV 9/15/2023 $209,716.99 515976069Q WYCY",
3,"Total $209,716.99",
3,51M7381SO0,
4,"PADUA, MARK",
4,,
4,,
4,,
4,Description,
4,,Estimate
4,Living Room-Right Side,
4,"COVERAGE B - PERSONAL PROPERTY - 34 FIRE, LIGHTNING,",& REMOVAL
4,1. Sofa / Couch - Sectional,1.00 EA
4,Pricing obtained by selector code,
4,2. Table - Occasional / Coffee,1.00 EA
4,3. Table - End,1.00 EA
4,4. Entertainment center,1.00 EA
4,5. Rug - Area,3.00 EA
4,6. Wall decor,2.00 EA
4,7. Wall clock,1.00 EA
4,8. Curtains / drapes,1.00 EA
4,9. Window valance,1.00 EA
4,10. TV - LED-LCD 55-59 in.,1.00 EA
4,11. Cordless phone,1.00 EA
4,12. Wastebasket / garbage / trash can,1.00 EA
4,13. Floor lamp / torchiere,1.00 EA
4,14. Table lamp,1.00 EA
4,Orig. Desc. - Table / mantle clock,
4,Subtotals,
4,Mom's Room,
4,"COVERAGE B - PERSONAL PROPERTY - 34 FIRE, LIGHTNING,",& REMOVAL
4,15. Mattress - King,1.00 EA
4,16. Mattress / Boxspring set - King,1.00 EA
4,Pricing obtained by selector code,
4,17. Bed sheet set - King,5.00 EA
4,18. Dresser / Chest of drawers,2.00 EA
4,19. Dresser mirror,1.00 EA
4,The amount of RC Benefits remaining and/or paid,is subject to policy
4,* amount is part of current payment,
4,<> indicates depreciation is non-recoverable,
4,51M7381SO0,
5,"PADUA, MARK",
5,,
5,Description,
5,,
5,20. Chest,1.00
5,21. Wall mirror,1.00
5,22. Jewelry armoire,1.00
5,23. Rug - Area,1.00
5,24. Hamper - Laundry,1.00
5,25. Picture frame,10.00
5,26. Table lamp,1.00
5,27. Wastebasket / garbage / trash can,1.00
5,28. Decorative/Storage Wicker Basket,2.00
5,29. Window valance,1.00
5,30. Curtains / drapes,1.00
5,31. Mattress protector / Cover,6.00
5,32. Bedspread,10.00
5,33. Comforter,5.00
5,34. Blanket,15.00
5,35. Blanket - Throw,5.00
5,36. Decorative / Throw pillows,2.00
5,37. Pillow,15.00
5,38. Pillow case,15.00
5,39. Massage cushion / pillow,1.00
5,40. Painting - Artwork,1.00
5,41. Portable air conditioner,1.00
5,42. Air purifier / Air cleaner,1.00
5,43. Cell phone,1.00
5,44. Cell phone charger,2.00
5,45. iPad - 256GB,1.00
5,46. Laptop/Notebook computer - 15 inch,1.00
5,and above,
5,47. TV -LCD/ LED-LCD 30-39 in.,1.00
5,48. TV 50-59 in.,1.00
5,The amount of RC Benefits remaining,and/or paid is subject
5,* amount is part of current payment,
5,<> indicates depreciation is non-recoverable,
5,51M7381SO0,
6,"PADUA, MARK",
6,,
6,Description,
6,,Estimate
6,49. Headphones,2.00 EA
6,50. Karaoke player - High grade,1.00 EA
6,Magic Mike,
6,51. DVD player,2.00 EA
6,52. Speaker package,1.00 EA
6,53. Alarm clock / Clock radio,2.00 EA
6,54. Surge protector,3.00 EA
6,55. Prescription medications / medicine -,9.00 EA
6,Enter price,
6,56. Non-Prescription medication/medicine -,10.00 EA
6,Enter price,
6,57. Non-Prescription Vitamin - Enter price,5.00 EA
6,58. Perfume / Cologne,20.00 EA
6,59. Prescription glasses (Frames only),2.00 EA
6,60. Makeup - foundation (enter price),2.00 EA
6,61. Makeup - blush (enter price),1.00 EA
6,62. Makeup - eye shawdow (enter price),2.00 EA
6,63. Makeup - eye liner (enter price),3.00 EA
6,64. Makeup - lipstick (enter price),10.00 EA
6,"65. Makeup - skincare, facecream,",3.00 EA
6,"facewash, lotions (enter price)",
6,66. Makeup - facemask (enter price),1.00 EA
6,67. Makeup - hair products (enter price),5.00 EA
6,68. Hair brush / Comb,5.00 EA
6,69. Hair clip / Headband,1.00 EA
6,70. Clothes hanger - 10 pk.,5.00 EA
6,71. VHS / VCR & DVD recorder,1.00 EA
6,72.CD,30.00 EA
6,73. CD - Box set,20.00 EA
6,74. DVD - Box set,20.00 EA
6,75. Vinyl - Album,20.00 EA
6,76. Cassette tapes - Enter price,25.00 EA
6,The amount of RC Benefits remaining and/or paid is,subject to policy
6,* amount is part of current payment,
6,<> indicates depreciation is non-recoverable,
6,51M7381SO0,
7,"PADUA, MARK",
7,,
7,,
7,Description,
7,Estimate,Amount
7,92. Jacket / Coat - - Fur 1.00 EA,"$1,691.00"
7,Pricing obtained through selector code,
7,93. Jacket / Coat - Ladies’ - Fur 1.00 EA,"$1,820.00"
7,Pricing obtained by selector code,
7,95. Intimates - Briefs / Panties - Ladies’ 48.00 EA,$480.00
7,96. Intimates - Bra - Ladies’ 10.00 EA,$300.00
7,97. Intimates - Enhancers / Shapers - 3.00 EA,$75.00
7,Ladies’,
7,98. Intimates - Lingerie / Teddy - Ladies’ 5.00 EA,$160.00
7,99. Intimates - Camisole / Cami / Tank - 5.00 EA,$70.00
7,Ladies’,
7,100. Socks - 6 pair - Ladies’ 20.00 EA,$220.00
7,101. Shoes - Ladies' - Slippers / Slipper 2.00 EA,$60.00
7,socks,
7,102. Sleepwear / Pajamas - Ladies’ 10.00 EA,$200.00
7,103. Robe - Ladies’ 2.00 EA,$60.00
7,104. Swimwear / Bathing suit / Bikini - 3.00 EA,$117.00
7,Ladies’,
7,105. Dress - Ladies’ 50.00 EA,"$1,950.00"
7,106. Dress - Formal - Ladies' - Premium 20.00 EA,"$6,200.00"
7,grade,
7,Orig. Desc. - Dress - Prom / Formal - - Premium grade,
7,107. Shorts - Ladies’ 20.00 EA,$600.00
7,108. Ladieswear - capris 15.00 EA,$600.00
7,109. Pants - Ladies’ - Casual 10.00 EA,$290.00
7,110. Pants - Ladies’ - Dress 6.00 EA,$252.00
7,111. Ladieswear - Ladies’ jeans 7.00 EA,$420.00
7,112. Ladieswear - Ladies’ cargo pants 5.00 EA,$200.00
7,113. Ladieswear - Ladies’ khakis / Chinos 4.00 EA,$200.00
7,114. Ladieswear - Ladies’ leggings 15.00 EA,$660.00
7,115. Sweatpants - Ladies’ 7.00 EA,$196.00
7,116. Skirt - Ladies’ 5.00 EA,$165.00
7,117. Ladieswear - Ladies’ tank top 20.00 EA,$400.00
7,The amount of RC Benefits remaining and/or paid is subject to policy,limitations.
7,* amount is part of current payment,
7,<> indicates depreciation is non-recoverable,
7,51M7381SO0,
8,"PADUA, MARK",
8,,
8,,
8,Description,
8,,Estimate
8,118. Ladieswear - Ladies’ tee shirt,30.00 EA
8,119. Sweater - Ladies’,5.00 EA
8,120. Sweatshirt - Ladies’,10.00 EA
8,121. Jacket/Coat/Rain coat - Ladies’ -,2.00 EA
8,Casual,
8,122. Jacket / Coat - Ladies’ - Leather,1.00 EA
8,123. Belt - Ladies’,3.00 EA
8,"124. Scarf, shawl & wrap -",2.00 EA
8,"125. Cap, hat & visor",10.00 EA
8,126. Sunglasses,2.00 EA
8,127. Pack - Backpack / Daypack,2.00 EA
8,128. Luggage -,3.00 EA
8,Duffel/Duffle/Gym/Sports/Travel bag,
8,129. Shoes - Ladies' - Boots,2.00 EA
8,130. Shoes - - Casual,5.00 EA
8,131. Shoes - Ladies' - Outdoor,3.00 EA
8,132. Shoes - - Sandals,5.00 EA
8,133. Designer handbag / Purse-Louie,3.00 EA
8,Vitton Alma,
8,Alma-1,
8,monogram,
8,Neverfull,
8,Pricing obtained by selector code,
8,Orig. Desc. - Louie Vitton,
8,134. Designer wallet,1.00 EA
8,Louie Vitton wallet,
8,Pricing obtained by selector code,
8,135. Coach purse,1.00 EA
8,136. Kate Spade,1.00 EA
8,137. Kate Spade wallet,1.00 EA
8,KID’S UNDERGARMENTS AND SLEEPWEAR,
8,KID'S CLOTHING,
8,KID'S ACCESSORIES,
8,The amount of RC Benefits remaining and/or paid is,subject to policy
8,* amount is part of current payment,
8,<> indicates depreciation is non-recoverable,
8,51M7381SO0,
9,"PADUA, MARK",
9,,
9,,
9,Description,
9,,Estimate
9,KID'S SHOES,
9,MEN'S UNDERGARMENTS AND SLEEPWEAR,
9,138. Underwear / Boxers - Men's,25.00 EA
9,139. Menswear - Men's tank top - Standard,20.00 EA
9,grade,
9,140. Socks - 6 pair - Men's,3.00 EA
9,141. Shoes - - Slippers / Slipper,2.00 EA
9,socks,
9,142. Sleepwear / Pajamas - Men's,10.00 EA
9,143. Robe - Men's,1.00 EA
9,MEN'S CLOTHING,
9,144. Shorts - Men's,20.00 EA
9,145. Swimwear / Bathing suit - Men's,2.00 EA
9,146. Sweatpants - Men's,10.00 EA
9,147. Menswear - Men's jeans,15.00 EA
9,148. Pants - Men's - Casual,10.00 EA
9,149. Menswear - Men's cargo pants,5.00 EA
9,150. Menswear - Men's khaki / Chinos,4.00 EA
9,151. Menswear - Men's tee shirt,25.00 EA
9,152. Shirt - Men's - Casual,15.00 EA
9,153. Sweatshirt - Men's,2.00 EA
9,154. Sweater - Men's,3.00 EA
9,155. Shirt - Men's - Dress,15.00 EA
9,156. Jacket/Coat/Rain coat - Men's -,4.00 EA
9,Casual,
9,157. Jacket / Coat - Men's - Leather,2.00 EA
9,158. Dress suit / Tuxedo - Men's,10.00 EA
9,159. Vest - Men's,3.00 EA
9,MEN'S ACCESSORIES,
9,160. Tie / Necktie - Men's,5.00 EA
9,161. Belt - Men's,10.00 EA
9,162. Gloves or mittens - Men's,3.00 EA
9,The amount of RC Benefits remaining and/or paid is,subject to policy
9,* amount is part of current payment,
9,<> indicates depreciation is non-recoverable,
9,51M7381SO0,
10,"PADUA, MARK",
10,,
10,,
10,Description,
10,,Estimate Amount
10,"163. Cap, hat & visor 10.00",EA $200.00
10,164. Sunglasses,3.00 EA $138.00
10,165. Wallet,2.00 EA $60.00
10,166. Pack - Backpack / Daypack,4.00 EA $200.00
10,167. Bag / Case - Computer / Laptop,1.00 EA $73.00
10,MEN'S SHOES,
10,168. Shoes - Men's - Boots,2.00 EA $220.00
10,169. Shoes - Men's - Casual,1.00 EA $55.00
10,170. Shoes - Men's - Dress,3.00 EA $237.00
10,171. Shoes - Men's - Outdoor,5.00 EA $475.00
10,172. Shoes - Men's - Sandals,2.00 EA $84.00
10,173. Shoes - - Sneakers / Tennis,5.00 EA $550.00
10,JEWELRY AND FURS,
10,77. Anklet - Gold,1.00 EA $150.00
10,78. Bracelet - Diamond,1.00 EA $375.00
10,79. Bracelet - Gold,1.00 EA $200.00
10,80. Bracelet - Sterling silver,1.00 EA $95.00
10,81. Jewelry charm,1.00 EA $40.00
10,82. Earrings - Diamond,"3.00 EA $1,320.00"
10,83. Earrings - Gold,4.00 EA $320.00
10,84. Earrings - Pearl,5.00 EA $425.00
10,85. Necklace - Diamond,2.00 EA $780.00
10,86. Necklace - Gold - Standard grade,8.00 EA $480.00
10,87. Brooch / pin,2.00 EA $70.00
10,88. Cuff link,5.00 EA $275.00
10,89. Ring - Diamond,"2.00 EA $1,900.00"
10,90. Ring - Gold,2.00 EA $320.00
10,91. Watch - Wrist,5.00 EA $445.00
10,MONEY - Items below are subject to a $200.00 aggregate limit. Values shown,may be reduced due to overage.
10,The amount of RC Benefits remaining and/or paid is,subject to policy limitations.
10,* amount is part of current payment,
10,<> indicates depreciation is non-recoverable,
10,51M7381S0,
11,"PADUA, MARK",
11,,
11,,
11,Description,
11,Estimate,Amount
11,"94. Cash, currency. money, bank notes, 1.00 EA","$16,000.00"
11,"bullion, and coins",
11,Subtotals,"$78,729.09"
11,Kitchen-Right,
11,"COVERAGE B - PERSONAL PROPERTY - 34 FIRE, LIGHTNING, & REMOVAL",
11,174. Table / Chair set - Kitchen / Dining 1.00 EA,$609.00
11,room - 5-7 pcs,
11,175. Refrigerator - top freezer - 14 to 18 cf 1.00 EA,$700.00
11,Orig. Desc. - Refrigerators - Enter price,
11,176. Range - freestanding - gas 1.00 EA,"$1,000.00"
11,Pricing obtained by selector code,
11,Orig. Desc. - Electric ranges / Ovens - Enter price,
11,177. Microwave - Countertop 1.00 EA,$149.00
11,178. Fire extinguisher 1.00 EA,$59.00
11,179. Rice cooker / Steamer 1.00 EA,$63.00
11,180. Slow cooker / Crock pot 1.00 EA,$40.00
11,181. Pressure cooker 1.00 EA,$90.00
11,182. Hand blender 1.00 EA,$45.00
11,183. Hand mixer 1.00 EA,$30.95
11,184. Meat grinder 1.00 EA,$50.00
11,185. Waffle maker 1.00 EA,$45.00
11,186. Coffee - Brewer / Maker 1.00 EA,$59.00
11,187. Toaster - Conventional 1.00 EA,$35.00
11,188. Water purifier 1.00 EA,$85.00
11,189. Bottle opener / can opener 1.00 EA,$15.00
11,190. Can / Jar opener - Electric 1.00 EA,$30.00
11,191. Kitchen knife sharpener 2.00 EA,$60.00
11,192. Cookware set - 10 pe. 1.00 EA,$150.00
11,193. Cooking pot 1.00 EA,$65.00
11,194. Stock pot 1.00 EA,$75.00
11,195. Wok / stir fry pan 1.00 EA,$60.00
11,The amount of RC Benefits remaining and/or paid is subject to policy,limitations.
11,* amount is part of current payment,
11,<> indicates depreciation is non-recoverable,
11,51M7381S0,
12,"PADUA, MARK",
12,,
12,,
12,Description,
12,,
12,196. Fry pan / saute pan / skillet,
12,197. Cake pan,
12,198. Springform pan,
12,199. Rolling pin,
12,200. Dinnerware set - 16 pe - Casual,
12,dinnerware,
12,201. Platter,
12,202. Mug,
12,203. Water bottle / canteen / Thermos,
12,204. Glasses and cups set - 4pc.,
12,205. Corkscrew / remover,
12,206. Tea kettle,
12,207. Kitchen towel,20.00
12,208. Pot Holder,
12,209. Kitchen mat,
12,210. Paper towel holder,
12,211. Canister set 3-4 pes - Kitchen storage,
12,212. Cutlery & utility - Cutting boards,
12,213. Kitchen scale,
12,214. Food storage container / Tupperware,30.00
12,215. Ice cube tray,
12,216. Ice cream scoop,
12,217. Spatula,
12,218. Potato masher,
12,219. Measuring cup set,
12,220. Whisk / wire whisk,
12,221. Kitchen timer,
12,222. Ladle / Spoon,
12,223. Potato / vegetable peeler,
12,224. Pizza cutter,
12,The amount of RC Benefits remaining,and/or paid is
12,* amount is part of current payment,
12,<> indicates depreciation is non-recoverable,
12,51M7381S0,
13,"PADUA, MARK",
13,,
13,Description,
13,Estimate,Amount
13,225. Baster / brush 3.00 EA,$36.00
13,226. Tongs 6.00 EA,$90.00
13,227. Cooking thermometer 2.00 EA,$40.00
13,228. Mixing bowl - Set (2-4) 1.00 EA,$34.00
13,229. Cheese grater / slicer 1.00 EA,$20.00
13,230. Colander / strainer 1.00 EA,$16.00
13,231. Dish rack / draining rack 1.00 EA,$26.00
13,232. Pitcher 3.00 EA,$105.00
13,233. Kitchen funnel 6.00 EA,$60.00
13,234. Food goods - Baby food 80.00 EA,$127.20
13,Orig. Desc. - Food goods - Unprepared - Enter Price,
13,235. Food goods - Frozen Food 1.00 EA,$750.00
13,Orig. Desc. - Food goods - Unprepared - Enter Price,
13,236. Food goods - Refrigerated food 1.00 EA,$250.00
13,Orig. Desc. - Food goods - Unprepared - Enter Price,
13,237. Food goods - Pantry Food 1.00 EA,"$1,500.00"
13,"Bulk rice, bulk imported dry milk, canned goods",
13,Orig. Desc. - Food goods - Unprepared - Enter Price,
13,238. Broom 4.00 EA,$72.00
13,239. Mop 1.00 EA,$20.00
13,240. Cleaning bucket 1.00 EA,$40.00
13,241. Dustpan 1.00 EA,$14.00
13,Food goods - Unprepared - Enter 7.00 EA,$69.93
13,rice,
13,Orig. Desc. - Wines,
13,Subtotals,$9424.08
13,Bathroom,
13,"COVERAGE B - PERSONAL PROPERTY - 34 FIRE, LIGHTNING, & REMOVAL",
13,243. Towel stand 1.00 EA,$53.00
13,244. Step stool 1.00 EA,$40.00
13,The amount of RC Benefits remaining and/or paid is subject to policy,limitations.
13,* amount is part of current payment,
13,<> indicates depreciation is non-recoverable,
13,51M7381SO0,
14,"PADUA, MARK",
14,,
14,,
14,Description,
14,,
14,245. Window valance,1.00
14,246. Hamper - Laundry,1.00
14,247. Wastebasket / garbage / trash can,1.00
14,248. Bathroom tumbler,1.00
14,249. Toothbrush holder,1.00
14,250. Soap dish,1.00
14,251. Soap / lotion pump,1.00
14,252. Candles,2.00
14,253. Carpet / Rug - Bathroom,1.00
14,254. Washcloth,12.00
14,255. Hand towel,5.00
14,256. Bath towel,2.00
14,257. Shower curtain,1.00
14,258. Shower curtain rings,1.00
14,259. Non-slip bath mat,1.00
14,260. Bathtub - Infant,1.00
14,261. Toothbrush (enter price),24.00
14,262. Prescription medications / medicine -,5.00
14,Enter price,
14,263. Non-Prescription,2.00
14,medication/medicine - Enter price,
14,264. Hair dryer,1.00
14,265. Electric shaver/razor,2.00
14,266. Electric trimmers & clippers,2.00
14,267. Perfume / Cologne,1.00
14,268. Blood pressure monitor / meter,1.00
14,269. First aid kit,1.00
14,CLEANING SUPPLIES,
14,270. Plunger - Toilet,1.00
14,271. Toilet brush,1.00
14,272. Cleaning bucket,1.00
14,The amount of RC Benefits remaining,and/or paid is subject
14,* amount is part of current payment,
14,<> indicates depreciation is non-recoverable,
14,51M7381SO0,
15,"PADUA, MARK",
15,,
15,,
15,Description,
15,Estimate,Amount
15,273. Non-perishable unopened cleaning 15.00 EA,$89.85
15,supplies - Enter price,
15,Subtotals,"$2,911.83"
15,Chris Padua bedroom - Bedroom,
15,"COVERAGE B - PERSONAL PROPERTY - 34 FIRE, LIGHTNING, & REMOVAL",
15,"274. Vizio, 55"" 4k TV 1.00 EA",$500.00
15,"275. Bose, Speaker sound bar 1.00 EA",$350.00
15,"276. JBL, Speaker loudspeaker 1.00 EA",$600.00
15,"277. JBL, Bluetooth headphone 1.00 EA",$150.00
15,"278. Sony PS5, PlayStation 5 console 1.00 EA",$600.00
15,"279. Sony PS4, PlayStation 4 console 1.00 EA",$500.00
15,"280. Xbox 360, Xbox console 1.00 EA",$400.00
15,"281. PS5 , PS5 controllers 2.00 EA",$240.00
15,"282. PS4, PS4 controllers 2.00 EA",$240.00
15,"283. Astro, Astro gaming headset 1.00 EA",$100.00
15,"284. PSS , wireless charging station 1.00 EA",$80.00
15,"285. Seagate, Hard drive 2T 2.00 EA",$500.00
15,"286. Bose, Headphone 1.00 EA",$350.00
15,"287. JBL , Earpods 1.00 EA",$150.00
15,"288. Apple, AirPod pro 2.00 EA","$1,000.00"
15,"289. Apple, MacBook air 1.00 EA","$1,299.00"
15,"Pricing obtained from apple.com. MacBook air 15"" $1299.00",
15,"290. Apple, iPhone 10 (256gb) 1.00 EA",$399.00
15,Pricing obtained from ebay.com,
15,"291. Apple, iPhone 14 (512gb) 1.00 EA",$999.00
15,pricing obtained from apple.com,
15,Apple 512 GB from $999,
15,"292. Apple, iPad Pro (12.9in) 1.00 EA",$799.00
15,Pricing obtained from Apple.com. Ipad pro $799.00,
15,"296. Jewelries, Jewelries 16.00 EA",$600.00
15,The amount of RC Benefits remaining and/or paid is subject to policy,limitations.
15,* amount is part of current payment,
15,<> indicates depreciation is non-recoverable,
15,51M7381SO0,
16,"PADUA, MARK",
16,,
16,,
16,Description,
16,,
16,"297. Louis vuitton, LV monogram reverse",1.00
16,preloved,
16,Pricing obtained by selector code,
16,"298. Louis vuitton, Lv damier sling bag",1.00
16,preloved,
16,"299. Bag, YSL quilted satchel preloved",1.00
16,"300. Coach, Coach bag satchel",1.00
16,"301. Coach, Coach tote",1.00
16,"302. Coach, Coach wristlet",6.00
16,"303. Coach, Coach carryall tote",1.00
16,"304. Coach, Coach trifold",1.00
16,"305. Coach, Coach mini id case",1.00
16,"306. Coach, Coach snap wallet",1.00
16,"307. Coach, Coach mini card case",1.00
16,"308. Wallet, Billfold wallet",1.00
16,"309. Bag, Medium saffiano leather satchel",1.00
16,"310. Wallet, Adele logo stripe",1.00
16,"311. Micheal korse, MK leather wrislet",1.00
16,"312. Katespade, Kate spade quilted",1.00
16,"313. Bag, Morgan dome crossbody Kate",1.00
16,spade,
16,"314. Wallet, Morgan zip around",1.00
16,315. Micheal MK crossbody,1.00
16,"316. Bag, Baggalini crossbody",1.00
16,"317. Guess, Guess zip around wallet",1.00
16,"318. Bag, Marc jacobs snapshot",1.00
16,319. Gucci. Gg tote preloved,1.00
16,"320. Gucci, Gg web stripe supreme",1.00
16,preloved,
16,"321. Coach, Coach teri shoulder bag",1.00
16,"322. Bag , Track pack coach",1.00
16,"323. Coach, Coach belt bag",1.00
16,"324. Belt, Buckle cut belt",1.00
16,The amount of RC Benefits remaining,and/or paid is subject
16,* amount is part of current payment,
16,<> indicates depreciation is non-recoverable,
16,51M7381SO0,
17,"PADUA, MARK",
17,,
17,,
17,Description,
17,,
17,"325. Wallet, 3in! signature leather",1.00
17,"326. Belt, Plaque buckle reversible",1.00
17,327. Micheal MK oversized runway,1.00
17,black-tone,
17,"328. Calvin klein, CK utility backpack",1.00
17,"329. Bag, Utility phone crossbody",1.00
17,"330. Nike, Nike backpack",2.00
17,"331. Nike, Mini backpack nike",2.00
17,"332. Nike, Kids bag",2.00
17,"333. Sketchers, Sketchers workshoes",1.00
17,women,
17,"334. Sketchers, Workshoes women",1.00
17,"335. Sketchers, Slip resistant for men-",2.00
17,sketchers,
17,"336. Sketchers, Slip resistant-online order",1.00
17,men,
17,"337. Sketchers, Running shoes women",1.00
17,sketchers,
17,"338. Nike, Nike women",1.00
17,"339. Nike, Nike women",1.00
17,"340. Nike, Air Jordan-men",1.00
17,"341. Nike, Basketball shoe-jordan",1.00
17,"342. Nike, Air Jordan sneaker-men",1.00
17,"343. Adidas, Adidas men casual",1.00
17,"344. Puma, Puma-women",1.00
17,"345. Puma, Puma-men",1.00
17,"346. Adidas, Slip-on running shoes adidas",3.00
17,"347. Tommy hilfiger, Tommy Hilfiger",1.00
17,sandal,
17,"348. Sandal , Shein flat sandal",1.00
17,"349. Sandal , Shein heeled sandal",1.00
17,"350. Sandal, Famous footwear sandal",1.00
17,"351. Puma, Puma slider slipper",1.00
17,"352. Sandal, Shein wedges",1.00
17,The amount of RC Benefits remaining,and/or paid is subject
17,* amount is part of current payment,
17,<> indicates depreciation is non-recoverable,
17,51M7381SO0,
18,"PADUA, MARK",
18,,
18,Description,
18,Estimate,Amount
18,"353. Slipper, Havaianas 1.00 EA",$45.00
18,"354. Birkenstock, Birkenstock shoes 2.00 EA",$400.00
18,"355. Reef, Reef-men slipper 3.00 EA",$96.00
18,"356. Olukai, Olukai-men 1.00 EA",$40.00
18,"357. Sandal, Teva 1.00 EA",$119.00
18,"358. Slipper, Surfware-men 1.00 EA",$20.00
18,"359. Old navy, Old navy slipper 1.00 EA",$15.00
18,"360. Gap, Gap slipper 2.00 EA",$24.00
18,"361. Crocs, Slippers crocs 5.00 EA",$150.00
18,"362. Clothes, Women clothes 300.00 EA","$9,000.00"
18,"363. Clothes, Men (adidas, guess, Calvin 200.00 EA","$6,000.00"
18,"Klein, Nike, champion, Ralph Lauren,",
18,"gap, old navy, H&M)",
18,"364, Clothes, Baby clothes(0-18) and baby 50.00 EA",$500.00
18,stuffs,
18,"365. Clothes, Toddler clothes(4T) 50.00 EA",$500.00
18,"366. Clothes, Toddler(2T) 50.00 EA",$500.00
18,"367. Bed, King tempur pedic 1.00 EA","$1,500.00"
18,Pricing verified on costco.com Serenity by Tempur-pedic mattress $1499.99,
18,"368. Bed, Kids mattress 1.00 EA",$250.00
18,"369. Bed, King bed topper 1.00 EA",$150.00
18,"370. Pillow, Tempur pedic pillows(2) 2.00 EA",$120.00
18,"371. Bed, Pillows 13.00 EA",$390.00
18,"372. Bed, Baby pillows(long round) 4.00 EA",$80.00
18,"373. Bed, Throw blanket 2.00 EA",$51.98
18,"374. Bed , Bedsheets set 1.00 EA",$89.99
18,"375. Bed, Red rose comforter set-king size 1.00 EA",$179.99
18,"376. Bed, Paw patrol blanket 2.00 EA",$41.78
18,"377. Bed, Fleece blanket 3.00 EA",$15.00
18,"378. Chair, Paw patrol toddler armchair 1.00 EA",$54.99
18,"379. Bed, Waterproof mattress pad 2.00 EA",$120.00
18,"380. Drawer, 6-drawer dresser 1.00 EA",$899.00
18,The amount of RC Benefits remaining and/or paid is subject to policy,limitations.
18,* amount is part of current payment,
18,<> indicates depreciation is non-recoverable,
18,51M7381S0,
19,"PADUA, MARK",
19,,
19,Description,
19,,
19,"381. Drawer, 6-drawer dresser",1.00
19,"382. Drawer, 4-drawer dresser",1.00
19,"383. Drawer, 6 storage drawer organizer",1.00
19,"384. Drawer, 4 storage drawer organizer",1.00
19,"385. Organizer bin, Storage bin cubes",12.00
19,"386. Bag, Luggage bags",8.00
19,"387. Flat iron , Ceramic flat iron hsi",1.00
19,"388. Powerbank, Powerbank",2.00
19,389. Jump starter,2.00
19,"390. Shun, Knife set",1.00
19,391. Stud finder,1.00
19,392. Gun massager,1.00
19,"393. Carseat, Graco 3in1] booster",1.00
19,"394. Carseat, Graco triride",1.00
19,convertible,
19,"395. Carseat, Graco slimfit",1.00
19,396. Foldable bassinet,1.00
19,397. Baby walker,1.00
19,398. Rocking chair,1.00
19,"399. Frida baby, Bathing tub",1.00
19,"400. Packnplay, Playyard",1.00
19,401. Toddler tub,1.00
19,"402. Bikes, Paw patrol bike and dinosaur",2.00
19,design,
19,"403. Toys, Toys",50.00
19,404. Inflatable pool,1.00
19,"405. Avent, Baby bottles small(Avent 3pk)",2.00
19,"406. Avent, Baby bottles big(avent 3pk)",2.00
19,"407. Huggies, Huggies overnight (4)",3.00
19,"408. Huggies, Huggies overnight (6)",5.00
19,"409. Huggies, Huggies plus (4)",2.00
19,The amount of RC Benefits remaining,and/or paid is subject
19,* amount is part of current payment,
19,<> indicates depreciation is non-recoverable,
19,51M7381SO0,
20,"PADUA, MARK",
20,,
20,Description,
20,,
20,"410. Huggies, Huggies plus (6)",2.00
20,"411. Huggies, Pull-ups plus (2-5)",2.00
20,"412. Huggies, Wipes huggies(15pk)",2.00
20,"413. Huggies, Wipes Huggics (10pk)",2.00
20,414. Baby hair clipper,2.00
20,"415. Pitbull, Skull shaver for men",2.00
20,"416. Sterelizer, Baby bottle sterelizer",1.00
20,417. Wipes warmer dispenser,1.00
20,418. Diaper pail (trashcan),1.00
20,"419. Fischer , Diaper backpack",1.00
20,420. Nursing pillow,1.00
20,421. Belly band (postpartum),1.00
20,422. Baby food blender,1.00
20,423. Baby milk warmer,1.00
20,424. Silicone feeder,2.00
20,425. Fresh fruit feeder,2.00
20,426. Snack catcher,2.00
20,427. Straw cup,1.00
20,428. Spill proof cup,2.00
20,429. Drying rack and sponge brush,1.00
20,430. Munchkin 360 sippy cup,2.00
20,431. 3pk suction bowls,1.00
20,432. Clothes rack,1.00
20,433. Laundry basket,1.00
20,434. Storage drawer,1.00
20,435. Storage bin cubes,12.00
20,436. Lampshade,1.00
20,437. Batman lampshade,1.00
20,438. Baby dresser drawer,1.00
20,439. Henkels knife set,1.00
20,The amount of RC Benefits remaining,and/or paid is subject
20,* amount is part of current payment,
20,<> indicates depreciation is non-recoverable,
20,51M7381S0,
21,"PADUA, MARK",
21,,
21,,
21,Description,
21,,
21,440. Portable ac,1.00
21,441. Electricfan,1.00
21,442. Hangers,60.00
21,443. Uniforms (6pairs),6.00
21,444. Computer Game Chair Office Chair,1.00
21,"Ergonomic High Back PC Desk Chair,",
21,GAMINGCHAIR,
21,Bed Bath & Beyond - 6/27/2023 Last known,price
21,Orig. Desc. - Gaming chair,
21,445. Weighing scale,1.00
21,446. Curtains (4sets),4.00
21,447. Gaming table,1.00
21,448. Android tablet,1.00
21,449. Monitor,1.00
21,450. Vacuum cleaner,1.00
21,451. Room carpet,1.00
21,452. Folding tent,1.00
21,453. Recipe books,10.00
21,"454. Sony ps5 game, 2k22 gaming disc",1.00
21,"455. Sony ps5 game, Valhalla dics",1.00
21,"456. Sony ps5 game, Bandicoot disc",1.00
21,"457. Sony ps5 game, Astrobot disc",1.00
21,458. Hydro flask,6.00
21,459. Thermos bottle,1.00
21,"460. Puma, Kids shoes",4.00
21,"461. Rebook, Kids shoes",2.00
21,"462. Nike, Kids shoes",2.00
21,"463. Jordan, Kids shoes",1.00
21,464. Safe box,1.00
21,466. Swaddle,3.00
21,467. Rechargeable toothbrush,2.00
21,The amount of RC Benefits remaining,and/or paid is subject
21,* amount is part of current payment,
21,<> indicates depreciation is non-recoverable,
21,51M7381S0,
22,"PADUA, MARK",
22,,
22,Description,
22,,
22,"468. Prada, Sunglasses",1.00
22,"469. Maui jim, Sunglasses",1.00
22,"470. Rayban, Sunglasses",2.00
22,471. Barbells,2.00
22,472. Weights,6.00
22,473. Boxing gloves,2.00
22,474. Hit mitts,1.00
22,475. Gym bag,2.00
22,476. Lifting belt,1.00
22,"477. Rayban, Classic polarized",1.00
22,478. Laptop bag,1.00
22,479. Go pro hero 10,1.00
22,"480. Cannon, Canon eos 7",1.00
22,481. Camera tripod,1.00
22,482. Baby video monitor digital,1.00
22,483. Crib,1.00
22,"484. Graco, Travel stroller",1.00
22,"485. Graco, Stroller",1.00
22,"486. Oral b, Kids electric toothbrush",2.00
22,487. Curtains-sonic design,2.00
22,488. Towels(adults),6.00
22,489. Towels for kids,4.00
22,490. Face towels set,10.00
22,"491. Underwear (VS, Hanes,CK, fruit of",40.00
22,"the loom, Avon, )",
22,"492. Briefs(MK, CK,",55.00
22,"493. Victoria secret, Bra's",20.00
22,"494. Vs, Brassieres",8.00
22,"495. Nike, Sports bras",6.00
22,"496. Spanx, High waste shaper",1.00
22,The amount of RC Benefits remaining,and/or paid is subject
22,* amount is part of current payment,
22,<> indicates depreciation is non-recoverable,
22,51M7381S0,
23,"PADUA, MARK",
23,,
23,Description,Replacement Cost
23,Estimate Amount,Taxes Total
23,"497. Ross, High waist shaper short 6.00 EA $41.94",$1.75 $43.69
23,"498. Kojic , Bar soap 20.00 EA $179.80",$7.49 $187.29
23,"499. Kojic , Lotion 10.00 EA $120.00",$5.00 $125.00
23,"500. Kojic , Face wash 12.00 EA $120.00",$5.00 $125.00
23,"501. Kojic, Toner 5.00 EA $40.00",$1.67 $41.67
23,"02. Bath&body, Japanese cherry blossom 3.00 EA $42.00",$1.75 $43.75
23,otion,
23,"503. Parfum, Can can Paris Hilton 4,00 EA $199.96",$8.33 $208.29
23,"504. Coach , Eau de parfum 2.00 EA $224.00",$9.33 $233.33
23,"505. Dior , Sauvage parfum 1.00 EA $120.00",$5.00 $125.00
23,JEWELRY AND FURS,
23,"293. Samsung, Watch 5 1.00 EA $360.00",$15.00 $375.00
23,"294. Apple, Watch series7 1.00 EA $500.00",$20.84 $520.84
23,"295. Apple, Watch accessories 1.00 EA $500.00",$20.84 $520.84
23,MONEY - Items below are subject to a $200.00 aggregate limit. Values shown may be reduced due to overage.,
23,"465. Safe (cash) 1.00 EA $10,000.00","$0.00 $10,000.00"
23,"Subtotals $81,012.45","$2,959.09 $83,971.54"
23,Chris Padua bedroom - Workout,
23,"COVERAGE B - PERSONAL PROPERTY - 34 FIRE, LIGHTNING, & REMOVAL",
23,"506. Gym exercise , Dumbbell 10.00 EA $2,000.00","$83.34 $2,083.34"
23,"Subtotals $2,000.00","$83.34 $2,083.34"
23,bathroom old - Bathroom,
23,"COVERAGE B - PERSONAL PROPERTY - 34 FIRE, LIGHTNING, & REMOVAL",
23,"507. Shower curtain, Double curtain with 3.00 EA $120.00",$5.00 $125.00
23,rod no hook,
23,508. Bath rug 3.00 EA $90.00,$3.75 $93.75
23,"509. Crest, Toothpaste pack of 8 pcs 4,00 EA $60.00",$2.50 $62.50
23,"510. Listerine, Mouthwash pack of 2 2.00 EA $23.98",$1.00 $24.98
23,bottles,
23,"511. Colgate, Toothpaste pack of 8 pcs 4.00 EA $60.00",$2.50 $62.50
23,"512. Crest, Whitening strips 4.00 EA $40.00",$1.67 $41.67
23,The amount of RC Benefits remaining and/or paid is subject to policy limitations.,
23,* amount is part of current payment,
23,<> indicates depreciation is non-recoverable,
23,51M7381S0,
24,"PADUA, MARK",
24,,
24,,
24,Description,
24,,Estimate
24,"513. Dental floss, Per pack",3.00 EA
24,"514. Head and shoulder, Shampoo",3.00 EA
24,"515. Dove, Conditioner",3.00 EA
24,"516. Irish spring, Soap pack of 20 pcs",2.00 EA
24,517. Bath towel,10.00 EA
24,518. Hand towel,20.00 EA
24,"519. Kirkland, Toilet paper per pack",1.00 EA
24,"Bounty, Paper towel per pack of 12",2.00 EA
24,rolls,
24,"521. Victorias secret, Scented candle",2.00 EA
24,"522. Bath and body, Hand soap with hanle",4.00 EA
24,523. Laudry basket,2.00 EA
24,"524. Kojic, Soap pack of 2 pes",5.00 EA
24,"525. Dove, Soap pack of 12 pes",3.00 EA
24,"526. Oral b, Toothbrush pack of 4 pes",6.00 EA
24,527. Hair brush,5.00 EA
24,"528. Swiffer, Sweeper/mop",1.00 EA
24,529. Bucket,1.00 EA
24,"530. Pinesol, Cleaning solution per galloon",2.00 EA
24,"531. Airwick, Air freshener spray 4 bottles",2.00 EA
24,per pack,
24,"532. Airwick plug in, With refills",1.00 EA
24,533. Toothbrush holder,1.00 EA
24,"534. Dr. Teals, Epsom salt per bag",1.00 EA
24,"535. Bathroom shelf, Stainless",1.00 EA
24,"536. Toilet bowl cleaner, Brush and holder",1.00 EA
24,537. Toilet plunger,1.00 EA
24,"538. Clorox, Bleach cleaner",1.00 EA
24,"539. Bowl freshener, Per pack",2.00 EA
24,"540. Kirkland, Wipes per box",1.00 EA
24,"541. Mr. clean, Foam magic eraser pack of",3.00 EA
24,4 pcs,
24,The amount of RC Benefits remaining and/or paid is,subject to policy
24,* amount is part of current payment,
24,<> indicates depreciation is non-recoverable,
25,"PADUA, MARK",
25,,
25,,
25,Description,
25,Estimate,Amount
25,"542. Gillettes, Razor cartridge pack of 1.00 EA",$36.99
25,"543. Gillettes, Razor cartridge 5.00 EA",$50.00
25,,
25,"544. Always, Sanitary pads pack of 20 6.00 EA",$90.00
25,"545. Revlon, Hair blower 1.00 EA",$45.00
25,546. Wall clock 1.00 EA,$25.00
25,"547. Gloves, Disposable per box 2.00 EA",$24.00
25,Subtotals,"$2,067.27"
25,dining old - Dining,
25,"COVERAGE B - PERSONAL PROPERTY - 34 FIRE, LIGHTNING, & REMOVAL",
25,"548. Dining set, Long table 8 sitter wood 1.00 EA","$1,419.91"
25,made,
25,"Pricing obtained from Homeworld Maui. Railene 9 piece Dining Sct $1,419.19",
25,549. Folding table 1.00 EA,$180.00
25,"550. Fruit basket, With fruits 1.00 EA",$60.00
25,"551. Fire extinguisher, Small 1.00 EA",$45.00
25,552. Placemat 8.00 EA,$64.00
25,Subtotals,"$1,768.91"
25,kenneth room - Bedroom,
25,"COVERAGE B - PERSONAL PROPERTY - 34 FIRE, LIGHTNING, & REMOVAL",
25,"553. Asus tuf gaming, Gaming computer 1.00 EA","$3,500.00"
25,Pricing verified walmart.com.,
25,"554. Asus, Gaming monitor 1.00 EA","$1,399.00"
25,Prising obtained from Walmart.com Asus for gaming RO-G Strix G17,
25,555. Gaming chair 1.00 EA,$300.00
25,556. Table 1.00 EA,$500.00
25,"557. Samsung, Tv 50 inc 1.00 EA","$1,200.00"
25,Pricing obtained on bestbuy.com,
25,558. Eletric bike 1.00 EA,$599.00
25,559. Queen bed 1.00 EA,"$1,200.00"
25,The amount of RC Benefits remaining and/or paid is subject to policy,limitations.
25,* amount is part of current payment,
25,<> indicates depreciation is non-recoverable,
25,51M7381S0,
26,"PADUA, MARK",
26,,
26,,
26,Description,
26,,Estimate
26,Pricing obtained from Homeworld Maui. Burkhaus Queen,"Bed $1,199.99"
26,560. Cabinet,1.00 EA
26,561. Hats,15.00 EA
26,562. Mini generator,1.00 EA
26,563. Mini fridge,1.00 EA
26,"564. Apple, Iphone 12 512gb",1.00 EA
26,"566. Jbl speaker, With microphone",1.00 EA
26,567. Aircon,1.00 EA
26,568. Uniform,10.00 EA
26,"569. Lg, Microwave",1.00 EA
26,570. Working shoes,5.00 EA
26,571. Tools,
26,572. Bed frame,1.00 EA
26,"573. Bed sheets and pillow case, Per set",5.00 EA
26,574. Blender,1.00 EA
26,575. Comforter,3.00 EA
26,576. Curtains,6.00 EA
26,"577. Cooking pot, Per set",1.00 EA
26,578. Flashlight,1.00 EA
26,"581. Microphone, Wircless",1.00 EA
26,582. Keyboards,2.00 EA
26,"583. Asus, Gaming mouse",4.00 EA
26,584. Hawaii flag,1.00 EA
26,585. Led lights,1.00 EA
26,586. Wall shelves,1.00 EA
26,587. Android phone,1.00 EA
26,"588. Chair, Folding",1.00 EA
26,"589. Table, Folding",1.00 EA
26,"590. Apple, Ipad mini",1.00 EA
26,591. Surf board,2.00 EA
26,The amount of RC Benefits remaining and/or paid,is subject to policy
26,* amount is part of current payment,
26,<> indicates depreciation is non-recoverable,
26,51M7381S0,
27,"PADUA, MARK",
27,,
27,,
27,Description,
27,,
27,592. Fishing reel - Spinning - Premium,2.00
27,grade,
27,Orig. Desc. - Fishing pole,
27,593. Fishing accessories,1.00
27,594. Shredding machine,1.00
27,595. Tent,1.00
27,596. Drawer,1.00
27,597. Diving spear,1.00
27,598. Diving gear,1.00
27,599. Tv speaker,1.00
27,600. Little cargo,1.00
27,601. Iphone charger,6.00
27,602. Treadmill,1.00
27,Pricing obtained from Lowes.com for Xterra,Fitness
27,603. Volleyball set,1.00
27,604. Skateboard,1.00
27,605. Mountain bike,1.00
27,606. Tshirt,30.00
27,607. Shorts,30.00
27,608. Pants,15.00
27,"609. Socks, | set of 6",4.00
27,610. Slacks,10.00
27,611. Tanktops,20.00
27,612. Polo shirts,10.00
27,613. Shoes,10.00
27,614. Slippers,5.00
27,"615. Slippers, Crocs",3.00
27,JEWELRY AND FURS,
27,565. Apple watch,1.00
27,"579. Jewelry, Gold ring",1.00
27,The amount of RC Benefits remaining,and/or paid is subject
27,* amount is part of current payment,
27,<> indicates depreciation is non-recoverable,
27,51M7381S0,
28,"PADUA, MARK",
28,,
28,,
28,Description,
28,Estimate,Amount
28,"580. Jewelry, White gold necklace 1.00 EA",$700.00
28,Subtotals,"$32,122.99"
28,living room old - Living,
28,"COVERAGE B - PERSONAL PROPERTY - 34 FIRE, LIGHTNING, & REMOVAL",
28,"616. Samsung, Tv 65 inch 1.00 EA",$699.00
28,"617. Stand cabinet, For tv 1.00 EA",$499.00
28,"618. Picture frame 4,00 EA",$199.96
28,"619. Painting, On the wall 4.00 EA",$279.96
28,"620. Jbl, Speaker 3.00 EA","$1,797.00"
28,"621. Curtains, With curtain rod set of 2 3.00 EA",$239.97
28,"622. Carpet, Small per roll 2.00 EA",$160.00
28,,
28,"623. Carpet, Big 1.00 EA",$200.00
28,624. Lamp shade 1.00 EA,$120.00
28,625. Flower vase 1.00 EA,$40.00
28,"626. Lasko, Electric fan 2.00 EA",$100.00
28,627. Dart board 1.00 EA,$59.99
28,"628. Couch, Set with center table 1.00 EA","$1,299.00"
28,"Pricing obtained from Homeworld.com. $1,299.00",
28,629. Extension cord 1.00 EA,$20.00
28,"630. Dell, Computer sct,table,mouse, 1.00 EA","$1,259.00"
28,keyboard,
28,pricing obtained on dell.com for Optiplex All-in-One $1259.00,
28,631. Couch cover 10.00 EA,$200.00
28,632. Throw pillow 5.00 EA,$75.00
28,,
28,"633. Dyson, Vacuum cleaner machine 1.00 EA",$299.00
28,"634. Carpet/rug cleaner solution, Per bottle 2.00 EA",$139.98
28,"635. Carpet shampoo, Per container 2.00 EA",$139.98
28,"636. Office chair, For computer 1.00 EA",$99.00
28,"637. Cctv monitor, With camera set",
28,638. Wall clock 1.00 EA,$30.00
28,The amount of RC Benefits remaining and/or paid is subject to policy,limitations.
28,* amount is part of current payment,
28,<> indicates depreciation is non-recoverable,
28,51M7381S0,
29,"PADUA, MARK",
29,,
29,,
29,Description,
29,,Estimate
29,639. Side table,2.00 EA
29,Subtotals,
29,outside kitchen - Exterior,
29,"COVERAGE B - PERSONAL PROPERTY - 34 FIRE, LIGHTNING, &",REMOVAL
29,640. Smoke grill,1.00 EA
29,641. Propane gas grill,1.00 EA
29,"642. Charcoal grill, 22 inch",2.00 EA
29,"643, Bummer. Gasoline high propane burner",1.00 EA
29,sma,
29,"Burner, Gasoline high propane burner",1.00 EA
29,arge,
29,"645. Table, Stainless steel table 30x72 inch",1.00 EA
29,"646. Gas tank, Big",2.00 EA
29,"647. Air fryer, Air fryer oven",1.00 EA
29,648. Microwave,1.00 EA
29,"649. Knife, Per set",1.00 EA
29,"650. Spatula, Per set",1.00 EA
29,"651. Cutting board, Set",1.00 EA
29,652. Dish rack,1.00 EA
29,"653. Tongs, Set",1.00 EA
29,654. Sharpening stone,1.00 EA
29,655. Sharpening steel,2.00 EA
29,"656. Mixing bowl, Set",1.00 EA
29,"657. Baking pan, Set",1.00 EA
29,"658. Cast iron griddle, 9.5inch",1.00 EA
29,"659. Coffee mugs, Set of 6 pes",2.00 EA
29,660. Folding table,1.00 EA
29,661. Grill wire rack,4.00 EA
29,"662. Cooler, 120 quart",2.00 EA
29,"663. Cooler, 80 quart",2.00 EA
29,664. Radio cd player,1.00 EA
29,The amount of RC Benefits remaining and/or paid is,subject to policy
29,* amount is part of current payment,
29,<> indicates depreciation is non-recoverable,
29,51M7381S0,
30,"PADUA, MARK",
30,,
30,Description,Replacement Cost
30,Estimate Amount,Total
30,665. Cooking set 1.00 EA $180.00,$7.50 $187.50
30,666. Cleaning bucket 4.00 EA $160.00,$6.67 $166.67
30,Orig. Desc. - Bucket,
30,"667. Dishwashing soap, Per bottle 3.00 EA $30.00",$1.25 $31.25
30,"668. Sponge, Per pack of 12 pcs 1.00 EA $15.00",$0.63 $15.63
30,669. Hand towel 10.00 EA $50.00,$2.08 $52.08
30,"670. Stove, 2 burner 1.00 EA $120.00",$5.00 $125.00
30,671. Washing machine 1.00 EA $800.00,$33.34 $833.34
30,"672. Tide, Laundry soap 150 fl 0z 4.00 EA $96.00",$4.00 $100.00
30,"673. Tide, Detergent pods 1.00 EA $35.00",$1.46 $36.46
30,"674. Hanger, Pack of 12 pcs 3.00 EA $45.00",$1.88 $46.88
30,"Subtotals $5,771.00","$240.50 $6,011.50"
30,richard alyssa room - Bedroom,
30,"COVERAGE B - PERSONAL PROPERTY - 34 FIRE, LIGHTNING, & REMOVAL",
30,"675. Sharp, Tv 43 inch 1.00 EA $400.00",$16.67 $416.67
30,"676. Bed frame, King size Wood bed 1.00 EA $3,000.00","$125.01 $3,125.01"
30,frame with head board and foam,
30,pricing verified at potterybarn.com,
30,"677. Orthopedic bed, | set of 6 pcs 1.00 EA $200.00",$8.33 $208.33
30,,
30,"678. Pillows, Sleeping pillows standard 6.00 EA $210.00",$8.75 $218.75
30,"679. Pillows, Throw Pillows 2.00 EA $40.00",$1.67 $41.67
30,"680. Bed foam, Memory bed foam 1.00 EA $300.00",$12.50 $312.50
30,"681. Apple, Macbook pro 15 inch laptop 1.00 EA $2,000.00","$83.34 $2,083.34"
30,"pricing verified on amazon.com Apple Macbook Pro (15"", 16 GB Storage, 2.6 GHz Intel Core","i7)-Space Gray $2,799.00"
30,"682. Computer, Gaming Computer",
30,customized,
30,"683. Logitech, Keyboard 3.00 EA $447.00",$18.63 $465.63
30,"684. Logitech, Computer mouse 3.00 EA $240.00",$10.00 $250.00
30,"685. Foam, Folded foam 1.00 EA $50.00",$2.08 $52.08
30,"686. Hyper x, Gaming microphone 2.00 EA $358.00",$14.92 $372.92
30,The amount of RC Benefits remaining and/or paid is subject to policy limitations.,
30,* amount is part of current payment,
30,<> indicates depreciation is non-recoverable,
30,51M7381S0,
31,"PADUA, MARK",
31,,
31,,
31,Description,
31,Estimate,Amount
31,"687. Logitech, Gaming headphone 3.00 EA",$360.00
31,Logitech,
31,"688. Jbl, Earphone 2.00 EA",$180.00
31,"689. Msi, Msi 27 inch gaming monitor 2.00 EA",$500.00
31,"690. Ps5, Playstation 5 1.00 EA",$499.00
31,"691. Ps5 controller , Playstation 5 1.00 EA",$79.00
31,controller black,
31,"692. Ps4, Playstation 4 1.00 EA",$400.00
31,"693. Ps4 controller , Controller 3.00 EA",$210.00
31,camouflage,
31,694. Nintendo Ds 1.00 EA,$400.00
31,"695. Nintendo, Accessories (controller) 1.00 EA",$70.00
31,"696. Nintendo, Game 20.00 EA","$1,200.00"
31,"697. Table, Computer gaming table 1.00 EA",$500.00
31,"698. Table, Computer table 1.00 EA",$400.00
31,"699. Gaming chair, Gaming chair with 1.00 EA",$380.00
31,cushion,
31,"700. Gaming chair, Gaming chair 1.00 EA",$350.00
31,"701. Jbl, Jb] Bluetooth speaker 1.00 EA",$120.00
31,"702. Boss, Boss soundbar speaker 1.00 EA",$300.00
31,"703. Alexa speaker, Alexa speaker 1.00 EA",$100.00
31,"704. Alexa light bulb, Alexa light bulb 1 1.00 EA",$100.00
31,box of 3,
31,705. Car scanner 1.00 EA,$200.00
31,706. Bi pap machine 1.00 EA,"$2,949.00"
31,Pricing verified on 1800cpap.com. AirCurve 10 VPAP St Bi-level humidifier,"$2,949.00"
31,"707. Lasko, Lasko stand fan 1.00 EA",$75.00
31,708. Aircon 1.00 EA,$500.00
31,"709. Canon, Canon printer 1.00 EA",$300.00
31,"710. Canon, Canon printer ink 1 box of 3 1.00 EA",$80.00
31,colors,
31,"711. Bond paper, Long and short 2.00 EA",$40.00
31,"712. Ladder, Folding steel ladder 12 feet 1.00 EA",$200.00
31,"713. Logitech, Logitech g29 gaming wheel 1.00 EA",$300.00
31,set,
31,The amount of RC Benefits remaining and/or paid is subject to policy,limitations.
31,* amount is part of current payment,
31,<> indicates depreciation is non-recoverable,
31,51M7381S0,
32,"PADUA, MARK",
32,,
32,Description,
32,,
32,"714. Singer, Singer sewing machine",1.00
32,,
32,"715. Singer, Singer accessories",1.00
32,,
32,"716. Ipad pro, Ipad pro 11 inch 512gb",1.00
32,,
32,718. Iphone charger,6.00
32,"719. Apple, Apple watch charger",1.00
32,"720. Adapters, Charger adapter",4.00
32,"721. Belkin, Belkin 20000mah powerbank",2.00
32,722. Portable blender,1.00
32,"723. Playstation stand, Playstation",1.00
32,horizontal stand,
32,724. Knee braces,1.00
32,"Chair wheels, For gaming chair |",1.00
32,pac,
32,726. Electric heating pad,1.00
32,"727. Go pro, Go pro hero 6",1.00
32,"728. Graphics card, For gaming 1080 ti",1.00
32,"729. Motherboard, For computer",1.00
32,730. Extension cord,3.00
32,"731. Stepper machine, For exercise",1.00
32,"732. Pedal exerciser, For exercise",1.00
32,"733. Electric foot massager, For massage",1.00
32,"734. Electric massage gun, For massage",1.00
32,"735. Electric screw driver, | set",1.00
32,"736. Cabinet, Regular size cabinet",1.00
32,"737. Cabinet, Small size cabinet",1.00
32,"738. Stand, Computer tower rolling stand",1.00
32,"739. Audio/video capture card, For",1.00
32,computer,
32,"740. Tray, Under desk cable tray",1.00
32,"741. Adjustable mount, For monitor and",1.00
32,laptop,
32,742. External cd/dvd player,1.00
32,The amount of RC Benefits remaining,and/or paid is subject
32,* amount is part of current payment,
32,<> indicates depreciation is non-recoverable,
32,51M7381S0,
33,"PADUA, MARK",
33,,
33,Description,
33,,
33,"743. Thermal compound paste, For",3.00
33,computer | set of 3pcs,
33,"744. Phone accessories, Case,screen","4,00"
33,protector,
33,746. G shock watch,2.00
33,"747. Cabinet, Standy cabinet",1.00
33,748. Drawer cabinet,2.00
33,749. Storage box,4.00
33,"750. Hanger, For clothes! set of | dozen",3.00
33,"751. Laundry basket, For clothes",1.00
33,"752. Flashlight, Chargeable flashlight",2.00
33,,
33,753. Weighing scale,2.00
33,"754. Bag, Sling bag waterproof",1.00
33,,
33,"755. Coach, Coach gallery tote bag",1.00
33,"756. Coach, Mini jamie camera bag",1.00
33,"757. Coach, Mini rowan file bag",1.00
33,"758. Mk, Mk bags",2.00
33,"759. Lv, Lv clemence wallet preloved",1.00
33,"760. Kate spade, Kate spade bag",1.00
33,"761. Coach, Coach wristlet",2.00
33,"762. Coach, Coach mini skinny id case",1.00
33,"763. Coach, Coach zipcard case",1.00
33,"764. Kate spade, Kate spade long wallet",1.00
33,"765. Coach, Coach id bill fold",1.00
33,"766. Adidas, Adidas backpack",2.00
33,"767. Nike, Nike backpack",3.00
33,"768. Vans, Vans backpack",2.00
33,"769. Luggages, | set of 2 pes",3.00
33,"770. Hello kitty, Luggage",1.00
33,"771. Luggage strap, | pack of 2 pes",3.00
33,"772. Skechers, Shoes",3.00
33,The amount of RC Benefits remaining,and/or paid is subject
33,* amount is part of current payment,
33,<> indicates depreciation is non-recoverable,
33,51M7381S0,
34,"PADUA, MARK",
34,,
34,Description,
34,,
34,"773. Nike, Shoes",4.00
34,"774. Coach, Sandals",3.00
34,"775. Havaianas, Slipper",4.00
34,"776. Nike, Slipper",1.00
34,"777. Reef, Slipper","4,00"
34,"778. Klogs, Klogs footwear shoes",2.00
34,"779. Curtains, Per set",8.00
34,"780. Bedsheets and pillow case, Per set",15.00
34,781. Comforters,5.00
34,"782. Bedsheet clips, Per pack",2.00
34,"783. Carpet, Per rolls",5.00
34,784. Tshirts,90.00
34,785. Tanktops,25.00
34,786. Shorts,70.00
34,"787. Underwear, Set of dozen",5.00
34,"788. Victoria secret, Bras",20.00
34,"789. Briefs, Per pack 3 pcs",8.00
34,"790. Socks, Per pack 6 pairs",5.00
34,791. Pants,20.00
34,792. Dress,20.00
34,793. Polo shirts,20.00
34,"794. Victoria secret, Swimsuit",5.00
34,795. Skirts,5.00
34,"796. Figs, Figs uniform set",8.00
34,"797. Jaanu, Jaanu uniform set",5.00
34,798. Slacks pants,7.00
34,"799. Blouse, Uniform",3.00
34,800. Caps,10.00
34,801. Maong pants,15.00
34,"802. Chef pants, Uniform",6.00
34,The amount of RC Benefits remaining,and/or paid is subject
34,* amount is part of current payment,
34,<> indicates depreciation is non-recoverable,
35,"PADUA, MARK",
35,,
35,,
35,Description,
35,,
35,803. Headbands,5.00
35,"804. Eye glasses, Rayban prescription",1.00
35,glasses,
35,"805. Eye glasses, Mk prescription glasses",1.00
35,806. Bath towels,10.00
35,807. Blankets,5.00
35,808. Throw blankets,3.00
35,809. Belt,2.00
35,810. Flex belt,1.00
35,811. Body suit,2.00
35,"812. Hair iron, Revlon",1.00
35,"813. Hair blower, Revlon",1.00
35,814. Hair brush,3.00
35,"815. Ponytails, Per dozen",2.00
35,816. Ponytails,6.00
35,"817. Hair clips, Per set",2.00
35,"818. Pt/ovulation kit, Per box",1.00
35,"819. Binaxnow, Per box covidtest kit",20.00
35,"820. Vitamins, Per bottles, multivitamins,",10.00
35,pre natal,
35,"821. Otc medicine,",10.00
35,"Tums,aleve,pepcid,dulcolax,imodium,zanta",
35,"c,cough medicine",
35,822. Prescription medicine,2.00
35,"823. First aid kits,",1.00
35,"Bandage,gauze,ointment,alcohol",
35,"824. Perfume, Bath and body and victoria",20.00
35,secret,
35,"825. Make up,",20.00
35,"Lipstick,eyeliner,eyeshadow,mascara,eyebr",
35,"ows, gpface powder",
35,"826. Facial treatments, Facial mask,olay",1.00
35,"cream,toner",
35,827. Ipad charger,1.00
35,"828. Scented candles, Bath and body",5.00
35,The amount of RC Benefits remaining,and/or paid is subject
35,* amount is part of current payment,
35,<> indicates depreciation is non-recoverable,
35,51M7381S0,
36,"PADUA, MARK",
36,,
36,,
36,Description,
36,,
36,829. Trash bin,1.00
36,,
36,"830. Hygiene kits,",1.00
36,"treatments,toothpaste,toothbrush,deodorant",
36,"shair color,lo",
36,"831. Sanitary pads, Per pack",10.00
36,"832. Foot care treatments, Creams,gels",1.00
36,833. Electric Callus remover kit,2.00
36,,
36,834. Thermoflask tumbler,5.00
36,835. Portable blender,1.00
36,"836. Compress air duster, Electric",1.00
36,837. Portable vacuum,1.00
36,838. Portable pressure washer,1.00
36,839. Carwash kit,1.00
36,"840. Groceries, Canned",1.00
36,"goods,snacks.chocolates,chips,noodles,past",
36,a,
36,"841. Air compressor, For tier",1.00
36,"847. Sleep wear, Set",15.00
36,848. Elastic bandage,5.00
36,849. Waist shaper,5.00
36,"850. Supplies,",1.00
36,"Pens,envelopes,marker,notebook",
36,851. Batteries,2.00
36,852. Wedding frame,2.00
36,"854. Back scratcher, Wood",2.00
36,"856. Ps5, Games",80.00
36,"857. Ps4, Games",100.00
36,"858. Nike, Jacket",20.00
36,"859. Adidas, Sweatshirt",10.00
36,"860. Old navy, Cardigan",10.00
36,861. Beach towels,5.00
36,"862. Black and decker, Iron",1.00
36,The amount of RC Benefits remaining,and/or paid is subject
36,* amount is part of current payment,
36,<> indicates depreciation is non-recoverable,
36,51M7381SO0,
37,"PADUA, MARK",
37,,
37,,
37,Description,Replacement Cost
37,Estimate Amount,Total
37,JEWELRY AND FURS,
37,"717. Apple watch, Apple Watch series 6 1.00 EA $499.00",$20.79 $519.79
37,40mm,
37,"745. Watch accesories, Wristbands, case 6.00 EA $180.00",$7.50 $187.50
37,"842. Jewelry, Gold necklace 18k with 1.00 EA $800.00",$33.34 $833.34
37,diamond pendant,
37,"843. Jewelry, White gold necklace with 1.00 EA $600.00",$25.00 $625.00
37,diamond heart pendant,
37,"844. Jewelry, Gold necklace 18k 1.00 EA $500.00",$20.84 $520.84
37,"845. Jewelry, Diamond earrings 1.00 EA $380.00",$15.83 $395.83
37,"846. Jewelry, Gold ring 18k 2.00 EA $500.00",$20.84 $520.84
37,"855. Pandora, Bracelet with charms 1.00 EA $200.00",$8.33 $208.33
37,MONEY - Items below are subject to a $200.00 aggregate limit. Values shown may be reduced due to overage.,
37,"853. Cash 1.00 EA $2,000.00","$0.00 $2,000.00"
37,"Subtotals $68,879.00","$2,788.17 $71,667.17"
37,room 1 - Bedroom,
37,"COVERAGE B - PERSONAL PROPERTY - 34 FIRE, LIGHTNING, & REMOVAL",
37,"863. Queen size bed frame, Wood with 1.00 EA $1,199.99","$50.00 $1,249.99"
37,foam,
37,"Pricing obtained from Homeworld Maui. Burkhaus Queen Bed $1,199.99",
37,"864. Bed sheet with pillow case, Per set 4,00 EA $120.00",$5.00 $125.00
37,865. Comforter 3.00 EA $179.97,$7.50 $187.47
37,"866. Conair, Aircon 1.00 EA $300.00",$12.50 $312.50
37,"867. Samsung, 42 inch tv 1.00 EA $350.00",$14.58 $364.58
37,868. Shorts 50.00 EA $750.00,$31.25 $781.25
37,"869. Tshirt 50.00 EA $1,000.00","$41.67 $1,041.67"
37,870. Pants 15.00 EA $225.00,$9.38 $234.38
37,871. Jeans 10.00 EA $300.00,$12.50 $312.50
37,872. Slacks 10.00 EA $300.00,$12.50 $312.50
37,"873. Brief, Pack of 6 5.00 EA $120.00",$5.00 $125.00
37,"874. Hanger, Pack of 12 4.00 EA $40.00",$1.67 $41.67
37,"875. Socks, Pack of 12 3.00 EA $45.00",$1.88 $46.88
37,The amount of RC Benefits remaining and/or paid is subject to policy limitations.,
37,* amount is part of current payment,
37,<> indicates depreciation is non-recoverable,
37,51M7381SO0,
38,"PADUA, MARK",
38,,
38,Description,
38,,Estimate
38,"876. Uniform, White shirts",15.00 EA
38,877. Luggages,6.00 EA
38,878. Working shoes,5.00 EA
38,"879. Nike, Running shoes",3.00 EA
38,880. Cap,10.00 EA
38,881. Slippers,3.00 EA
38,882. Sandals,2.00 EA
38,"883. Dell, Laptop",1.00 EA
38,"884. Jansport, Backpack",3.00 EA
38,"885. Dell, Computer monitor set",1.00 EA
38,886. Keyboard,1.00 EA
38,887. Mouse,1.00 EA
38,888. Computer table,1.00 EA
38,889. Chair,2.00 EA
38,890. Blanket,7.00 EA
38,891. Towel,10.00 EA
38,892. Curtain,2.00 EA
38,893. Wall clock,1.00 EA
38,894. Extension cord,2.00 EA
38,895. Trash bin,1.00 EA
38,896. Lamp shade,1.00 EA
38,897. Side table,1.00 EA
38,898. Drawer,2.00 EA
38,899. Hanger,20.00 EA
38,JEWELRY AND FURS,
38,900. Seiko kinetic watch,1.00 EA
38,Subtotals,
38,room 2 - Bedroom,
38,"COVERAGE B - PERSONAL PROPERTY - 34 FIRE, LIGHTNING,",& REMOVAL
38,The amount of RC Benefits remaining and/or paid,is subject to policy
38,* amount is part of current payment,
38,<> indicates depreciation is non-recoverable,
38,51M7381SO0,
39,"PADUA, MARK",
39,,
39,Description,
39,,Estimate
39,"901. Rea, Tv 55""",1.00 EA
39,"902. Tv stand, Wood",1.00 EA
39,"903. Drawer, Wood",1.00 EA
39,"904. Bedframe with foam, Queen size",1.00 EA
39,Pricing obtained from Homeworld Maui. Burkhaus Queen,"Bed $1,199.99"
39,905. Pillow,6.00 EA
39,906. Blanket,5.00 EA
39,Orig. Desc. - Blanket,
39,907. Towel,10.00 EA
39,908. Comforter,5.00 EA
39,"909. Lasko, Eletric fan",1.00 EA
39,"Orig. Desc. - Lasko, Eletricfan",
39,"910. Bedsheet with pillow case, Set",10.00 EA
39,911. Shorts,50.00 EA
39,912. Tshirt,50.00 EA
39,913. Polo shirt,50.00 EA
39,914. Jeans,50.00 EA
39,"915. Curtain, Curtain with rod",4.00 EA
39,"916. Clock, Wall clock",1.00 EA
39,917. skin care,10.00 EA
39,918. Socks,20.00 EA
39,919. Chair,2.00 EA
39,920. Hanger,20.00 EA
39,921. Luggage,5.00 EA
39,922. lamp shade,1.00 EA
39,923. side table,1.00 EA
39,924. Wall painting,2.00 EA
39,"925. Soundbar speaker, Boss",1.00 EA
39,926. Extension cord,2.00 EA
39,927. Laundry bin,1.00 EA
39,The amount of RC Benefits remaining and/or paid,is subject to policy
39,* amount is part of current payment,
39,<> indicates depreciation is non-recoverable,
39,51M7381SO0,
40,"PADUA, MARK",
40,,
40,,
40,Description,
40,Estimate,Amount
40,928. Back massager 1.00 EA,$100.00
40,929. Exercice mat 2.00 EA,$100.00
40,930. Toys 30.00 EA,$600.00
40,931. Reading glasses 2.00 EA,$40.00
40,932. Trash bin 1.00 EA,$15.00
40,933. Phone charger 2.00 EA,$50.00
40,Subtotals,"$12,163.99"
40,storage old house for cargo box -,
40,Storage,
40,"COVERAGE B - PERSONAL PROPERTY - 34 FIRE, LIGHTNING, & REMOVAL",
40,"Mccormick, Cinammon Powder big 10.00 EA",$160.00
40,"935. Mccormick, Cinammon Powder small 10.00 EA",$80.00
40,bottles,
40,"936. Organic, Cinnamon powder pack 10.00 EA",$120.00
40,"937. Vacuum cleaner, Machine 1.00 EA",$145.00
40,938. Vac Replacement Filter 1.00 EA,$15.39
40,Home Depot - 8/27/2023,
40,Orig. Desc. - Vacuum filter,
40,"939. Hose, 100 ft 1.00 EA",$25.00
40,940. Nozzle 3.00 EA,$45.00
40,"941. Medicine, Prescription 5.00 EA",$75.00
40,942. Aleve 1.00 EA,$28.00
40,943. Tylenol 1.00 EA,$25.00
40,944. Tums 1.00 EA,$10.00
40,"945. Kirkland, Mixed nuts jar 6.00 EA",$204.00
40,946. Pants 10.00 EA,$200.00
40,947. Jeans 10.00 EA,$250.00
40,948. Shirts 15.00 EA,$225.00
40,949. Blanket 2.00 EA,$40.00
40,950. Towel 5.00 EA,$75.00
40,"951. Wild sardines, Pack of 6 pcs 5.00 EA",$85.00
40,The amount of RC Benefits remaining and/or paid is subject to policy,limitations.
40,* amount is part of current payment,
40,<> indicates depreciation is non-recoverable,
40,51M7381S0,
41,"PADUA, MARK",
41,,
41,,
41,Description,
41,,Estimate
41,"952. Saw, Folding saw cutter",1.00 EA
41,953. Pill cutter,1.00 EA
41,"954. Flex seal, Spray",10.00 EA
41,"955. Kirkland, Seaweed snack per pack",1.00 EA
41,"956. Gloves, Disposable per box",2.00 EA
41,957. Cooler bags,10.00 EA
41,"958. Portable solar, Set",
41,Subtotals*,
41,storage outside - Storage,
41,"COVERAGE B - PERSONAL PROPERTY - 34 FIRE, LIGHTNING,",& REMOVAL
41,"959. Drill, With battery and charger",2.00 EA
41,960. Corded drill,1.00 EA
41,"961. Jigsaw, Cordless",1.00 EA
41,962. Grass trimer,1.00 EA
41,963. Brushed receprocating saw,1.00 EA
41,964. Welding machine,1.00 EA
41,965. Mechanical tool,1.00 EA
41,966. Wrench set,1.00 EA
41,"967. Power tool, Craftman",1.00 EA
41,"968. Screw driver, | set",2.00 EA
41,"969. Locking pliers, | set",1.00 EA
41,970. Tool box,4.00 EA
41,97 . Table saw,1.00 EA
41,972. Chain saw,1.00 EA
41,973. Folding saw,3.00 EA
41,"974. Tree pruner, 12 ft",2.00 EA
41,975. Oil change kit,2.00 EA
41,976. Multi metter voltage tester,2.00 EA
41,977. Cable cuter,1.00 EA
41,The amount of RC Benefits remaining and/or paid,is subject to policy
41,* amount is part of current payment,
41,<> indicates depreciation is non-recoverable,
41,51M7381S0,
42,"PADUA, MARK",
42,,
42,Description,
42,,
42,978. 9inch torpedo level,1.00
42,979. Solar spot light,2.00
42,"980. Heavy duty glvs , I set",1.00
42,981. Sensor light,2.00
42,982. Hammer,5.00
42,983. Shovel,3.00
42,984. Rakes,3.00
42,985. Weeders,1.00
42,986. Brush clearing sickle,2.00
42,987. Machetes,3.00
42,988. Wheel barrows,1.00
42,989. Teeth forge rake,2.00
42,990. Spading fork,2.00
42,991. Mattock,2.00
42,992. Forge eye hoe,2.00
42,993. Big trash bin,5.00
42,"994. Tarp, 20x30",4.00
42,"995. Sub block shade, 20x30",4.00
42,996. Pop up canopy tent,1.00
42,"997. Hose, 50ft",3.00
42,998. Vaccum,2.00
42,"999. Car wash, | set",1.00
42,"1,000. Micro fiber towel, 2 set",2.00
42,"1,001. Road bike",1.00
42,"1,002. Wood, Plywood 10x10 for fence",
42,"1,003. Fence, Plastic 10x10",
42,"1,004. Hollowblocks, For fence",
42,"1,005. Concrete mix",30.00
42,"1,006. Blower, For cleaning outside",1.00
42,"1,007. Bicycle / bike helmet",1.00
42,The amount of RC Benefits remaining,and/or paid is subject
42,* amount is part of current payment,
42,<> indicates depreciation is non-recoverable,
42,51M7381S0,
43,"PADUA, MARK",
43,,
43,,
43,Description,
43,,
43,"Orig. Desc. - Helmet, For bike",
43,"1,008. Bucket",10.00
43,"1,009. Paint, Gallon",5.00
43,"1,010. Roller, For paint",3.00
43,"1,011. Tray, For paint",3.00
43,"1,012. Portable generator",1.00
43,Pricing obtained from homedepot.com,Duromax 13000/10500 wat
43,"1,013. Nozzle",3.00
43,Subtotals,
43,Totals,
43,The amount of RC Benefits remaining,and/or paid is subject
43,* amount is part of current payment,
43,<> indicates depreciation is non-recoverable,
43,51M7381SO0,
